recall_number,language,title,parts_available,codes,heures,bulletin_url,lettre_url,statut,lettre_urls,bulletin_file,lettre_file,lettre_files,owner_letter_count,owner_letter_1,owner_letter_1_remedy,owner_letter_2,owner_letter_2_remedy,owner_letter_3,owner_letter_3_remedy,owner_letter_4,owner_letter_4_remedy,owner_letter_5,owner_letter_5_remedy
25S52,EN-US,"Certain 2023-2025 Model Year Escape and Corsair, 2024-2025 Model Year Nautilus, 2025-2026 Model Year Bronco Sport and 2025 Model Year Maverick Vehicles Equipped with an Engine Block Heater System -Block Heater Replacement",yes,25S52F / MT25S52G / MT25S52H,"1,5h / 1,5h / 1,8h",https://www.fordtechservice.dealerconnection.com/vdirsnet/applicationservices/file/download/112887/25S52-S2_Dealer_Bulletin.pdf,https://www.fordtechservice.dealerconnection.com/vdirsnet/applicationservices/file/download/113037/25S52-S2__Repair_Available_Owner_Letter.pdf,Solution available,https://www.fordtechservice.dealerconnection.com/vdirsnet/applicationservices/file/download/97869/25S52_No_Parts_Owner_Letter.pdf | https://www.fordtechservice.dealerconnection.com/vdirsnet/applicationservices/file/download/98992/25S52_Repair_Available_Owner_Letter.pdf | https://www.fordtechservice.dealerconnection.com/vdirsnet/applicationservices/file/download/111930/25S52-S1__Interim_Repair_Available_Owner_Letter.pdf | https://www.fordtechservice.dealerconnection.com/vdirsnet/applicationservices/file/download/113037/25S52-S2__Repair_Available_Owner_Letter.pdf,E:\work\leadgeneration\Ford_ai_recalls\downloads\25S52\EN_US\bulletin_25S52-S2_Dealer_Bulletin.pdf,E:\work\leadgeneration\Ford_ai_recalls\downloads\25S52\EN_US\lettre_4_25S52-S2__Repair_Available_Owner_Letter.pdf,E:\work\leadgeneration\Ford_ai_recalls\downloads\25S52\EN_US\lettre_1_25S52_No_Parts_Owner_Letter.pdf | E:\work\leadgeneration\Ford_ai_recalls\downloads\25S52\EN_US\lettre_2_25S52_Repair_Available_Owner_Letter.pdf | E:\work\leadgeneration\Ford_ai_recalls\downloads\25S52\EN_US\lettre_3_25S52-S1__Interim_Repair_Available_Owner_Letter.pdf | E:\work\leadgeneration\Ford_ai_recalls\downloads\25S52\EN_US\lettre_4_25S52-S2__Repair_Available_Owner_Letter.pdf,4,no,"Parts are not available. Ford is working to provide parts for this repair. When the remedy becomes available, Ford will notify you via mail to schedule a service appointment with your dealer for repairs to be completed free of charge. The remedy is anticipated to be available by the fourth quarter of 2025.",no,"Ford has authorized your dealer to perform one of the two following remedies: Parts are not available. Ford is working to provide parts for this repair. When the remedy becomes available, Ford will notify you via mail to schedule a service appointment with your dealer for repairs to be completed free of charge. The remedy is anticipated to be available by the fourth quarter of 2025. An alternate remedy is also available for owners who would like to disable the vehicle’s block heater. For those customers that choose this option, Ford has authorized your dealer to remove the block heater element and power cable and install a threaded plug free of charge. If the block heater element is removed under this alternate remedy, the dealer will store the power cable in the vehicle’s trunk compartment and your vehicle will be automatically added to Customer Satisfaction Program 25B33. Once parts to support the block heater remedy become available, Ford will authorize your dealer to install the block heater element free of charge.",no,"Ford has authorized your dealer to perform one of the two following remedies: • Have the block heater disabled: If you choose this option, Ford has authorized your dealer to remove the block heater element and power cable and install a threaded plug free of charge. If the block heater element is removed under this alternate remedy, the dealer will store the power cable in the vehicle’s trunk compartment, and your vehicle will be automatically added to Customer Satisfaction Program 25B33. Once parts to support the block heater remedy become available, Ford will authorize your dealer to install the block heater element free of charge. • Wait for the new block heater remedy parts: Parts are not available. Ford is working to provide parts for this repair. When the remedy becomes available, Ford will notify you via mail to schedule a service appointment with your dealer for repairs to be completed free of charge. The remedy is anticipated to be available in June 2026. If you choose to leave the block heater element installed and wait for the remedy block heater due out later this year, no action is necessary. However, to reduce the risk of an underhood fire, refrain from plugging in your engine block heater system until remedy parts are available and repair is completed.",yes,"A remedy and the necessary parts are now available to repair your vehicle. Ford has authorized your dealer to perform this service free of charge. Your dealer will install a new engine block heater, as well as inspect the power cable, and replace it if damaged. To reduce the risk of an underhood fire, refrain from plugging in your engine block heater system until the repair is completed.",,
25S88,EN-US,Certain 2025 Model Year F-150 and 2025-2026 Model Year Super Duty Vehicles With a Digital Instrument Panel Cluster (IPC) -Instrument Panel Cluster Software Update,yes,MT25S88B / MT25S88C / 25S88D / MT25S88RR / 25S88MM,"1,0h / 0,8h / 0,3h / 5,0h / 0,5h",https://www.fordtechservice.dealerconnection.com/vdirsnet/applicationservices/file/download/104437/25S88-S1_Full_Dealer_Bulletin.pdf,https://www.fordtechservice.dealerconnection.com/vdirsnet/applicationservices/file/download/104468/25S88-S1_Repair_Available_Owner_Letter_OTA.pdf,Solution available,https://www.fordtechservice.dealerconnection.com/vdirsnet/applicationservices/file/download/104469/25S88-S1_Repaired_at_Assembly_Plant_Owner_Letter.pdf | https://www.fordtechservice.dealerconnection.com/vdirsnet/applicationservices/file/download/104468/25S88-S1_Repair_Available_Owner_Letter_OTA.pdf,E:\work\leadgeneration\Ford_ai_recalls\downloads\25S88\EN_US\bulletin_25S88-S1_Full_Dealer_Bulletin.pdf,E:\work\leadgeneration\Ford_ai_recalls\downloads\25S88\EN_US\lettre_2_25S88-S1_Repair_Available_Owner_Letter_OTA.pdf,E:\work\leadgeneration\Ford_ai_recalls\downloads\25S88\EN_US\lettre_1_25S88-S1_Repaired_at_Assembly_Plant_Owner_Letter.pdf | E:\work\leadgeneration\Ford_ai_recalls\downloads\25S88\EN_US\lettre_2_25S88-S1_Repair_Available_Owner_Letter_OTA.pdf,2,yes,"Our records indicate that the remedy for this recall has been performed on your vehicle, either at Ford’s assembly plant prior to delivery or through an Over-The-Air (OTA) software update. The software update was designed specifically to resolve the issue described above. No visit to the dealership is required.",yes,Software is available to repair your vehicle. Ford has authorized your dealer to update the IPC to the latest software free of charge.,,,,,,
25SA3,EN-US,Certain 2024-2025 Model Year Ford Explorer and 2024-2026 Model Year Lincoln Aviator Vehicles -Trailer Tow Hitch Bolts - Inspection,yes,25SA3A / 25SA3B,"0,6h / 0,7h",https://www.fordtechservice.dealerconnection.com/vdirsnet/applicationservices/file/download/107481/25SA3-S1_Dlr_Bulletin.pdf,https://www.fordtechservice.dealerconnection.com/vdirsnet/applicationservices/file/download/104975/25SA3_Repair_Available_Owner_Letter.pdf,Solution available,https://www.fordtechservice.dealerconnection.com/vdirsnet/applicationservices/file/download/104975/25SA3_Repair_Available_Owner_Letter.pdf,E:\work\leadgeneration\Ford_ai_recalls\downloads\25SA3\EN_US\bulletin_25SA3-S1_Dlr_Bulletin.pdf,E:\work\leadgeneration\Ford_ai_recalls\downloads\25SA3\EN_US\lettre_1_25SA3_Repair_Available_Owner_Letter.pdf,E:\work\leadgeneration\Ford_ai_recalls\downloads\25SA3\EN_US\lettre_1_25SA3_Repair_Available_Owner_Letter.pdf,1,yes,Parts are now available to repair your vehicle. Ford has authorized your dealer to inspect and secure or replace the trailer tow hitch bolts as required free of charge.,,,,,,,,
25SB4,EN-US,Certain 2026 Model Year Econoline Vehicles -Blower Motor Replacement,yes,25SB4A / 25SB4B / 25SB4ZZ,"0,5h / 0,5h / 0,2h",https://www.fordtechservice.dealerconnection.com/vdirsnet/applicationservices/file/download/109528/25SB4-S1_Full_Dealer_Bulletin.pdf,https://www.fordtechservice.dealerconnection.com/vdirsnet/applicationservices/file/download/109548/25SB4-S1_Repair_Available_Owner_Letter.pdf,Solution available,https://www.fordtechservice.dealerconnection.com/vdirsnet/applicationservices/file/download/105553/25SB4_No_Repair_Owner_Letter.pdf | https://www.fordtechservice.dealerconnection.com/vdirsnet/applicationservices/file/download/108267/25SB4_Inspect_Owner_Letter.pdf | https://www.fordtechservice.dealerconnection.com/vdirsnet/applicationservices/file/download/109548/25SB4-S1_Repair_Available_Owner_Letter.pdf,E:\work\leadgeneration\Ford_ai_recalls\downloads\25SB4\EN_US\bulletin_25SB4-S1_Full_Dealer_Bulletin.pdf,E:\work\leadgeneration\Ford_ai_recalls\downloads\25SB4\EN_US\lettre_3_25SB4-S1_Repair_Available_Owner_Letter.pdf,E:\work\leadgeneration\Ford_ai_recalls\downloads\25SB4\EN_US\lettre_1_25SB4_No_Repair_Owner_Letter.pdf | E:\work\leadgeneration\Ford_ai_recalls\downloads\25SB4\EN_US\lettre_2_25SB4_Inspect_Owner_Letter.pdf | E:\work\leadgeneration\Ford_ai_recalls\downloads\25SB4\EN_US\lettre_3_25SB4-S1_Repair_Available_Owner_Letter.pdf,3,no,"Parts are not available. Ford is working to provide parts for this repair. When the remedy becomes available, Ford will notify you via mail to schedule a service appointment with your dealer for repairs to be completed free of charge. The remedy is anticipated to be available in Q1 of 2026.",no,"Ford has authorized your dealer to inspect the blower motor assembly. If your vehicle passes the inspection, the Field Service Action will be closed. If your vehicle fails the inspection, and damage is found on the blower motor assembly, a rental vehicle will be provided until parts to repair the blower motor assembly are available.",yes,Parts are available to repair your vehicle. Ford has authorized your dealer to inspect and possibly replace the blower motor assembly. free of charge.,,,,
25SC3,EN-US,Certain 2025-2026 Model Year Bronco and Bronco Sport Vehicles -Instrument Panel Cluster Software Update,yes,25SC3B / 25SC3C / 25SC3D / 25SC3E / 25SC3F / MT25SC3RR,"0,9h / 0,5h / 0,4h / 0,8h / 0,7h / 5,5h",https://www.fordtechservice.dealerconnection.com/vdirsnet/applicationservices/file/download/106163/25SC3__Full_Dealer_Bulletin.pdf,https://www.fordtechservice.dealerconnection.com/vdirsnet/applicationservices/file/download/106310/25SC3_Repair_Available_Owner_Letter.pdf,Solution available,https://www.fordtechservice.dealerconnection.com/vdirsnet/applicationservices/file/download/106310/25SC3_Repair_Available_Owner_Letter.pdf,E:\work\leadgeneration\Ford_ai_recalls\downloads\25SC3\EN_US\bulletin_25SC3__Full_Dealer_Bulletin.pdf,E:\work\leadgeneration\Ford_ai_recalls\downloads\25SC3\EN_US\lettre_1_25SC3_Repair_Available_Owner_Letter.pdf,E:\work\leadgeneration\Ford_ai_recalls\downloads\25SC3\EN_US\lettre_1_25SC3_Repair_Available_Owner_Letter.pdf,1,yes,Software is now available to repair your vehicle. Ford has authorized your dealer to update the Instrument Panel Cluster free of charge.,,,,,,,,
25SD8,EN-US,Certain 2026 Super Duty Vehicles with 10.5” Single Rear Wheel (SRW) Axle -Right Rear Axle Shaft Inspection,yes,25SD8B / 25SD8C / 25SD8D / 25SD8ZZ,"0,3h / 0,7h / 1,2h / 0,2h",https://www.fordtechservice.dealerconnection.com/vdirsnet/applicationservices/file/download/108854/25SD8-S2_Full_Dealer_Bulletin.pdf,https://www.fordtechservice.dealerconnection.com/vdirsnet/applicationservices/file/download/107864/25SD8_Repair_Available_Owner_Letter.pdf,Solution available,https://www.fordtechservice.dealerconnection.com/vdirsnet/applicationservices/file/download/107864/25SD8_Repair_Available_Owner_Letter.pdf,E:\work\leadgeneration\Ford_ai_recalls\downloads\25SD8\EN_US\bulletin_25SD8-S2_Full_Dealer_Bulletin.pdf,E:\work\leadgeneration\Ford_ai_recalls\downloads\25SD8\EN_US\lettre_1_25SD8_Repair_Available_Owner_Letter.pdf,E:\work\leadgeneration\Ford_ai_recalls\downloads\25SD8\EN_US\lettre_1_25SD8_Repair_Available_Owner_Letter.pdf,1,yes,Parts are now available to repair your vehicle. Ford has authorized your dealer to inspect and replace your right rear axle shaft free of charge.,,,,,,,,
25C68,EN-US,Certain 2025-2026 Model Year Corsair and Escape Vehicles -Left and Right Rear Seatbelt Retractor Bolt Torque Check,yes,25C68B / 25C68MM,"0,9h / 0,5h",https://www.fordtechservice.dealerconnection.com/vdirsnet/applicationservices/file/download/107078/25C68_Full_Dealer_Bulletin.pdf,https://www.fordtechservice.dealerconnection.com/vdirsnet/applicationservices/file/download/107588/25C68_Repair_Available_Owner_Letter.pdf,Solution available,https://www.fordtechservice.dealerconnection.com/vdirsnet/applicationservices/file/download/107588/25C68_Repair_Available_Owner_Letter.pdf,E:\work\leadgeneration\Ford_ai_recalls\downloads\25C68\EN_US\bulletin_25C68_Full_Dealer_Bulletin.pdf,E:\work\leadgeneration\Ford_ai_recalls\downloads\25C68\EN_US\lettre_1_25C68_Repair_Available_Owner_Letter.pdf,E:\work\leadgeneration\Ford_ai_recalls\downloads\25C68\EN_US\lettre_1_25C68_Repair_Available_Owner_Letter.pdf,1,yes,"Parts are available to repair your vehicle. Ford has authorized your dealer to inspect the left and right rear seatbelt retractor bolts and secure or replace them, as required, free of charge.",,,,,,,,
25C69,EN-US,"Certain 2022-2025 Model Year F-150 Lightning, 2024-2026 Mustang Mach-E, 2025-2026 Maverick Hybrid, 2026 Escape Hybrid, and 2026 Corsair PHEV vehicles. - Integrated Park Module Software Update",yes,MT25C69B / MT25C69C / MT25C69D,"0,6h / 0,8h / 0,8h",https://www.fordtechservice.dealerconnection.com/vdirsnet/applicationservices/file/download/112382/25C69-S4_Full_Dealer_Bulletin.pdf,https://www.fordtechservice.dealerconnection.com/vdirsnet/applicationservices/file/download/108428/25C69_Repair_Available_Owner_Letter.pdf,Solution available,https://www.fordtechservice.dealerconnection.com/vdirsnet/applicationservices/file/download/108429/25C69_No_Repair_Owner_letter.pdf | https://www.fordtechservice.dealerconnection.com/vdirsnet/applicationservices/file/download/113006/25C69-S4_No_Repair_Owner_letter.pdf | https://www.fordtechservice.dealerconnection.com/vdirsnet/applicationservices/file/download/108428/25C69_Repair_Available_Owner_Letter.pdf,E:\work\leadgeneration\Ford_ai_recalls\downloads\25C69\EN_US\bulletin_25C69-S4_Full_Dealer_Bulletin.pdf,E:\work\leadgeneration\Ford_ai_recalls\downloads\25C69\EN_US\lettre_3_25C69_Repair_Available_Owner_Letter.pdf,E:\work\leadgeneration\Ford_ai_recalls\downloads\25C69\EN_US\lettre_1_25C69_No_Repair_Owner_letter.pdf | E:\work\leadgeneration\Ford_ai_recalls\downloads\25C69\EN_US\lettre_2_25C69-S4_No_Repair_Owner_letter.pdf | E:\work\leadgeneration\Ford_ai_recalls\downloads\25C69\EN_US\lettre_3_25C69_Repair_Available_Owner_Letter.pdf,3,no,"Software is not available. Ford is working to provide software for this repair. When the remedy becomes available, Ford will notify you via mail to schedule a service appointment with your dealer for repairs to be completed free of charge. The remedy is anticipated to be available Quarter 1, of 2026.",no,"A remedy is not yet available. Ford is working to provide software for this repair. When the remedy becomes available, Ford will notify you via mail to schedule a service appointment with your dealer for repairs to be completed free of charge. The remedy is anticipated to be available by late August 2026.",yes,Software is available to repair your vehicle. Ford has authorized your dealer to update your vehicle’s Secondary On Board Diagnostic Module C (SOBDMC) software free of charge.,,,,
26C02,EN-US,Certain 2026 Model Year Explorer Vehicles -Windshield Replacement,yes,26C02C / 26C02B,"0,2h / 2,4h",https://www.fordtechservice.dealerconnection.com/vdirsnet/applicationservices/file/download/108051/26C02_Full_Dealer_Bulletin.pdf,https://www.fordtechservice.dealerconnection.com/vdirsnet/applicationservices/file/download/108235/26C02_Repair_Available_Owner_Letter.pdf,Solution available,https://www.fordtechservice.dealerconnection.com/vdirsnet/applicationservices/file/download/108235/26C02_Repair_Available_Owner_Letter.pdf,E:\work\leadgeneration\Ford_ai_recalls\downloads\26C02\EN_US\bulletin_26C02_Full_Dealer_Bulletin.pdf,E:\work\leadgeneration\Ford_ai_recalls\downloads\26C02\EN_US\lettre_1_26C02_Repair_Available_Owner_Letter.pdf,E:\work\leadgeneration\Ford_ai_recalls\downloads\26C02\EN_US\lettre_1_26C02_Repair_Available_Owner_Letter.pdf,1,yes,Parts are now available to repair your vehicle. Ford has authorized your dealer to replace the windshield free of charge.,,,,,,,,
26S05,EN-US,Certain 2026 Model Year E-Transit Vehicles High Voltage Battery (HVB) Bus Bar Fastener Inspection,yes,26S05A / 26S05B / 26S05C / 26S05D,"5,1h / 5,3h / 5,5h / 0,3h",https://www.fordtechservice.dealerconnection.com/vdirsnet/applicationservices/file/download/109105/26S05_R_Full_Dealer_Bulletin.pdf,https://www.fordtechservice.dealerconnection.com/vdirsnet/applicationservices/file/download/108569/26S05_Repair_Available_Owner_Letter.pdf,Solution available,https://www.fordtechservice.dealerconnection.com/vdirsnet/applicationservices/file/download/108569/26S05_Repair_Available_Owner_Letter.pdf,E:\work\leadgeneration\Ford_ai_recalls\downloads\26S05\EN_US\bulletin_26S05_R_Full_Dealer_Bulletin.pdf,E:\work\leadgeneration\Ford_ai_recalls\downloads\26S05\EN_US\lettre_1_26S05_Repair_Available_Owner_Letter.pdf,E:\work\leadgeneration\Ford_ai_recalls\downloads\26S05\EN_US\lettre_1_26S05_Repair_Available_Owner_Letter.pdf,1,yes,"Parts are now available to repair your vehicle. Ford has authorized your dealer to inspect the HVB for missing washers. If any washers are missing, your dealer will install the missing washer(s) and replace the affected bolts and bus bars, free of charge.",,,,,,,,
25SC4,EN-US,Certain 2020-2026 Model Year Escape and 2021-2026 Corsair Plug-in Hybrid Electric Vehicles (PHEV) – High Voltage Battery Cell Internal Short Circuit,no,,,https://www.fordtechservice.dealerconnection.com/vdirsnet/applicationservices/file/download/111481/25SC4-A-S2__Advance__Bulletin.pdf,https://www.fordtechservice.dealerconnection.com/vdirsnet/applicationservices/file/download/111689/25SC4-A-S2_No_Repair_Owner_Letter.pdf,Solution available,https://www.fordtechservice.dealerconnection.com/vdirsnet/applicationservices/file/download/109230/UPDATED_25SC4-A-S1_No_Repair_Owner_Letter.pdf | https://www.fordtechservice.dealerconnection.com/vdirsnet/applicationservices/file/download/111689/25SC4-A-S2_No_Repair_Owner_Letter.pdf,E:\work\leadgeneration\Ford_ai_recalls\downloads\25SC4\EN_US\bulletin_25SC4-A-S2__Advance__Bulletin.pdf,E:\work\leadgeneration\Ford_ai_recalls\downloads\25SC4\EN_US\lettre_2_25SC4-A-S2_No_Repair_Owner_Letter.pdf,E:\work\leadgeneration\Ford_ai_recalls\downloads\25SC4\EN_US\lettre_1_UPDATED_25SC4-A-S1_No_Repair_Owner_Letter.pdf | E:\work\leadgeneration\Ford_ai_recalls\downloads\25SC4\EN_US\lettre_2_25SC4-A-S2_No_Repair_Owner_Letter.pdf,2,no,"Parts and software are not available. Ford is working to provide parts and software for this repair. When the remedy becomes available, Ford will notify you via mail to schedule a service appointment with your dealer for repairs to be completed free of charge.",no,"Parts and software are not available. Ford is working to provide parts and software for this repair. When the remedy becomes available, Ford will notify you via mail to schedule a service appointment with your dealer for repairs to be completed free of charge.",,,,,,
26C10,EN-US,Certain 2021-2027 Model Year Multiple Vehicle Lines Equipped with a Trailer Module (TRM) -Trailer Module Reprogramming,yes,26C10B / 26C10C,"0,3h / 0,3h",https://www.fordtechservice.dealerconnection.com/vdirsnet/applicationservices/file/download/110800/26C10-S1__Full_Dealer_Bulletin.pdf,https://www.fordtechservice.dealerconnection.com/vdirsnet/applicationservices/file/download/110724/26C10_Repair_Available_Owner_R_Letter.pdf,Solution available,https://www.fordtechservice.dealerconnection.com/vdirsnet/applicationservices/file/download/110721/26C10_OTA_Remedy_Succesful_Owner_R_Letter.pdf | https://www.fordtechservice.dealerconnection.com/vdirsnet/applicationservices/file/download/110722/26C10_Software_Update_Owner_R_Letter.pdf | https://www.fordtechservice.dealerconnection.com/vdirsnet/applicationservices/file/download/110723/26C10_No_Repair_Owner_R_letter.pdf | https://www.fordtechservice.dealerconnection.com/vdirsnet/applicationservices/file/download/110724/26C10_Repair_Available_Owner_R_Letter.pdf,E:\work\leadgeneration\Ford_ai_recalls\downloads\26C10\EN_US\bulletin_26C10-S1__Full_Dealer_Bulletin.pdf,E:\work\leadgeneration\Ford_ai_recalls\downloads\26C10\EN_US\lettre_4_26C10_Repair_Available_Owner_R_Letter.pdf,E:\work\leadgeneration\Ford_ai_recalls\downloads\26C10\EN_US\lettre_1_26C10_OTA_Remedy_Succesful_Owner_R_Letter.pdf | E:\work\leadgeneration\Ford_ai_recalls\downloads\26C10\EN_US\lettre_2_26C10_Software_Update_Owner_R_Letter.pdf | E:\work\leadgeneration\Ford_ai_recalls\downloads\26C10\EN_US\lettre_3_26C10_No_Repair_Owner_R_letter.pdf | E:\work\leadgeneration\Ford_ai_recalls\downloads\26C10\EN_US\lettre_4_26C10_Repair_Available_Owner_R_Letter.pdf,4,yes,"No further action is required to remedy this recall. Your vehicle is now operating with the most up-to-date software to address this safety recall, and Ford recorded that the remedy for your vehicle’s recall has been completed.",yes,"Software is available to repair your vehicle. Ford has released software for 26C10. Your vehicle is capable of receiving Ford Software Updates. When Automatic Updates are turned ON (standard from the factory), the software will be downloaded to your vehicle over a private wi-fi network or through your vehicle’s cellular network modem. The software installation will happen after the download. Note: Refer to ford.ca/support or lincolncanada.com/support for further information on your Ford or Lincoln Software Updates system. Should the software fail to load or install properly, Ford has authorized your dealer to install 26C10 software free of charge under the terms of this program.",no,"Software is not available. Ford is working to provide software for this repair. When the remedy becomes available, Ford will notify you via mail to schedule a service appointment with your dealer for repairs to be completed free of charge. The remedy is anticipated to be available in Q2 2026.",yes,Software is available to repair your vehicle. Ford has authorized your dealer to reprogram your vehicle’s TRM free of charge.,,
26S09,EN-US,Certain 2021-2024 Model Year Edge and 2021-2026 Bronco Vehicles -Infotainment Screen Blank,yes,26S09B / 26S09C,"0,9h / 0,3h",https://www.fordtechservice.dealerconnection.com/vdirsnet/applicationservices/file/download/112749/26S09-S2__Full_Dealer_Bulletin.pdf,https://www.fordtechservice.dealerconnection.com/vdirsnet/applicationservices/file/download/110893/26S09-S1_Repair_Available_Owner_Letter.pdf,Solution available,https://www.fordtechservice.dealerconnection.com/vdirsnet/applicationservices/file/download/110601/26S09_No_Repair_Owner_Letter.pdf | https://www.fordtechservice.dealerconnection.com/vdirsnet/applicationservices/file/download/110893/26S09-S1_Repair_Available_Owner_Letter.pdf,E:\work\leadgeneration\Ford_ai_recalls\downloads\26S09\EN_US\bulletin_26S09-S2__Full_Dealer_Bulletin.pdf,E:\work\leadgeneration\Ford_ai_recalls\downloads\26S09\EN_US\lettre_2_26S09-S1_Repair_Available_Owner_Letter.pdf,E:\work\leadgeneration\Ford_ai_recalls\downloads\26S09\EN_US\lettre_1_26S09_No_Repair_Owner_Letter.pdf | E:\work\leadgeneration\Ford_ai_recalls\downloads\26S09\EN_US\lettre_2_26S09-S1_Repair_Available_Owner_Letter.pdf,2,no,"Software is not available. Ford is working to provide software for this repair. When the remedy becomes available, Ford will notify you via mail to schedule a service appointment with your dealer for repairs to be completed free of charge. The remedy is anticipated to be available for 2021-2024 Edge, and 2021-2024 Bronco in June 2026.",yes,"Software is available to repair your vehicle. Your vehicle is capable of Ford Software Updates and can be updated automatically, or you can visit your dealer for the software installation. When Automatic Updates are turned ON (standard from the factory), the software will be downloaded to your vehicle over a private wi-fi network or through your vehicle’s modem through the cellular network. The software installation will happen after the download. The installation may take up to 30 minutes. Note: Refer to ford.ca/support for further information on your Ford Software Updates system. Should the software fail to load or install properly, Ford has authorized your dealer to install 26S09 software free of charge under the terms of this program.",,,,,,
26S12,EN-US,Certain 2026-2027 Model Year Econoline Vehicles Equipped with Exterior Sounder (Backup Alarm) -Hardshell Connector Replacement,yes,26S12B,"0,4h",https://www.fordtechservice.dealerconnection.com/vdirsnet/applicationservices/file/download/109621/26S12_Full_Dealer_Bulletin.pdf,https://www.fordtechservice.dealerconnection.com/vdirsnet/applicationservices/file/download/109780/26S12_Repair_Available_Owner_Letter.pdf,Solution available,https://www.fordtechservice.dealerconnection.com/vdirsnet/applicationservices/file/download/109780/26S12_Repair_Available_Owner_Letter.pdf,E:\work\leadgeneration\Ford_ai_recalls\downloads\26S12\EN_US\bulletin_26S12_Full_Dealer_Bulletin.pdf,E:\work\leadgeneration\Ford_ai_recalls\downloads\26S12\EN_US\lettre_1_26S12_Repair_Available_Owner_Letter.pdf,E:\work\leadgeneration\Ford_ai_recalls\downloads\26S12\EN_US\lettre_1_26S12_Repair_Available_Owner_Letter.pdf,1,yes,Parts are available to repair your vehicle. Ford has authorized your dealer to repair the wiring connection at the exterior sounder (backup alarm) free of charge.,,,,,,,,
26S13,EN-US,Certain 2025-2026 Model Year F-250 - F-350 Vehicles Equipped with Aluminum Rear Driveshaft - Rear Driveshaft Inspection,yes,26S13A / 26S13B / 26S13ZZ,"0,3h / 0,5h / 0,2h",https://www.fordtechservice.dealerconnection.com/vdirsnet/applicationservices/file/download/110420/26S13_Full_Dealer_Bulletin.pdf,https://www.fordtechservice.dealerconnection.com/vdirsnet/applicationservices/file/download/110461/26S13_Repair_Available_Owner_Letter.pdf,Solution available,https://www.fordtechservice.dealerconnection.com/vdirsnet/applicationservices/file/download/109735/26S13_No_Repair_Owner_Letter.pdf | https://www.fordtechservice.dealerconnection.com/vdirsnet/applicationservices/file/download/110461/26S13_Repair_Available_Owner_Letter.pdf,E:\work\leadgeneration\Ford_ai_recalls\downloads\26S13\EN_US\bulletin_26S13_Full_Dealer_Bulletin.pdf,E:\work\leadgeneration\Ford_ai_recalls\downloads\26S13\EN_US\lettre_2_26S13_Repair_Available_Owner_Letter.pdf,E:\work\leadgeneration\Ford_ai_recalls\downloads\26S13\EN_US\lettre_1_26S13_No_Repair_Owner_Letter.pdf | E:\work\leadgeneration\Ford_ai_recalls\downloads\26S13\EN_US\lettre_2_26S13_Repair_Available_Owner_Letter.pdf,2,no,"Parts are not available. Ford is working to provide parts for this repair. When the remedy becomes available, Ford will notify you via mail to schedule a service appointment with your dealer for repairs to be completed free of charge. The remedy is anticipated to be available by March 30, 2026.",yes,"Parts are available to repair your vehicle. Following an initial inspection, your dealer will coordinate ordering the parts needed to complete your repair. Ford has authorized your dealer to inspect and if necessary, replace the rear driveshaft free of charge.",,,,,,
26C12,EN-US,Certain 2025-2026 Model Year Explorer Platinum Vehicles -Adaptive Front Lighting Update,yes,26C12B,"0,3h",https://www.fordtechservice.dealerconnection.com/vdirsnet/applicationservices/file/download/109782/26C12_Full_Dealer_Bulletin.pdf,https://www.fordtechservice.dealerconnection.com/vdirsnet/applicationservices/file/download/109932/26C12_Repair_Available_Owner_Letter.pdf,Solution available,https://www.fordtechservice.dealerconnection.com/vdirsnet/applicationservices/file/download/109932/26C12_Repair_Available_Owner_Letter.pdf,E:\work\leadgeneration\Ford_ai_recalls\downloads\26C12\EN_US\bulletin_26C12_Full_Dealer_Bulletin.pdf,E:\work\leadgeneration\Ford_ai_recalls\downloads\26C12\EN_US\lettre_1_26C12_Repair_Available_Owner_Letter.pdf,E:\work\leadgeneration\Ford_ai_recalls\downloads\26C12\EN_US\lettre_1_26C12_Repair_Available_Owner_Letter.pdf,1,yes,"Software is available to repair your vehicle. Ford has released software for 26C12. Your vehicle is capable of Ford Software Updates. When Automatic Updates are turned ON (standard from the factory), the software will be downloaded to your vehicle over a private wi-fi network or through your vehicle’s modem through the cellular network. Before the software installs you will have to schedule a day and time when you will not need the vehicle for up to 30 minutes while the installation completes. Note: Refer to ford.ca/support for further information on your Ford Software Updates system. Should the software fail to load or install properly, Ford has authorized your dealer to install 26C12 software free of charge under the terms of this program.",,,,,,,,
26C18,EN-US,"Certain 2020-2026 Model Year Aviator, Explorer, and Police Interceptor Utility Vehicles -Second Row Left-Hand and Right-Hand Seat Belt Retractor Floor Bolt Inspection",yes,26C18A / 26C18B,"0,3h / 0,3h",https://www.fordtechservice.dealerconnection.com/vdirsnet/applicationservices/file/download/110432/26C18_R_Full_Dealer_Bulletin.pdf,https://www.fordtechservice.dealerconnection.com/vdirsnet/applicationservices/file/download/110204/26C18_Repair_Available_Owner_Letter.pdf,Solution available,https://www.fordtechservice.dealerconnection.com/vdirsnet/applicationservices/file/download/110204/26C18_Repair_Available_Owner_Letter.pdf,E:\work\leadgeneration\Ford_ai_recalls\downloads\26C18\EN_US\bulletin_26C18_R_Full_Dealer_Bulletin.pdf,E:\work\leadgeneration\Ford_ai_recalls\downloads\26C18\EN_US\lettre_1_26C18_Repair_Available_Owner_Letter.pdf,E:\work\leadgeneration\Ford_ai_recalls\downloads\26C18\EN_US\lettre_1_26C18_Repair_Available_Owner_Letter.pdf,1,yes,"Parts are available to repair your vehicle. Ford has authorized your dealer to inspect, torque and/or install the left-hand and/or right-hand second row seat belt retractor floor bolts free of charge.",,,,,,,,
26S22,EN-US,Certain 2026 Model Year Explorer and Aviator Vehicles -Instrument Panel Fastener Inspection and Repair,yes,MT26S22B / MT26S22C,"2,0h / 2,0h",https://www.fordtechservice.dealerconnection.com/vdirsnet/applicationservices/file/download/110710/26S22_Full_Dealer_Bulletin.pdf,https://www.fordtechservice.dealerconnection.com/vdirsnet/applicationservices/file/download/110849/26S22_Repair_Available_Owner_Letter.pdf,Solution available,https://www.fordtechservice.dealerconnection.com/vdirsnet/applicationservices/file/download/110849/26S22_Repair_Available_Owner_Letter.pdf,E:\work\leadgeneration\Ford_ai_recalls\downloads\26S22\EN_US\bulletin_26S22_Full_Dealer_Bulletin.pdf,E:\work\leadgeneration\Ford_ai_recalls\downloads\26S22\EN_US\lettre_1_26S22_Repair_Available_Owner_Letter.pdf,E:\work\leadgeneration\Ford_ai_recalls\downloads\26S22\EN_US\lettre_1_26S22_Repair_Available_Owner_Letter.pdf,1,yes,Parts are available to repair your vehicle. Ford has authorized your dealer to inspect and resecure the affected instrument panel fasteners free of charge.,,,,,,,,
26S23,EN-US,Certain 2026 Model Year Explorer and Mustang Vehicles with a 2.3L EcoBoost Engine -Cylinder Inspection,yes,26S23A / 26S23B / 26S23C / 26S23D / 26S23E / 26S23ZZ,"1,7h / 1,7h / 0,6h / 0,6h / 0,2h / 0,2h",https://www.fordtechservice.dealerconnection.com/vdirsnet/applicationservices/file/download/110615/26S23_Full_Dealer_Bulletin.pdf,https://www.fordtechservice.dealerconnection.com/vdirsnet/applicationservices/file/download/111439/26S23_Repair_Available_Owner_Letter.pdf,Solution available,https://www.fordtechservice.dealerconnection.com/vdirsnet/applicationservices/file/download/111439/26S23_Repair_Available_Owner_Letter.pdf,E:\work\leadgeneration\Ford_ai_recalls\downloads\26S23\EN_US\bulletin_26S23_Full_Dealer_Bulletin.pdf,E:\work\leadgeneration\Ford_ai_recalls\downloads\26S23\EN_US\lettre_1_26S23_Repair_Available_Owner_Letter.pdf,E:\work\leadgeneration\Ford_ai_recalls\downloads\26S23\EN_US\lettre_1_26S23_Repair_Available_Owner_Letter.pdf,1,yes,"Parts are available to repair your vehicle. Ford has authorized your dealer to inspect your vehicle’s engine for evidence of mis-installed/missing clips. If found, the engine long block assembly will be replaced free of charge.",,,,,,,,
26C19,EN-US,Certain 2025-2026 Model Year Maverick and Bronco Sport Vehicles -Occupant Classification Sensor Replacement,no,,,https://www.fordtechservice.dealerconnection.com/vdirsnet/applicationservices/file/download/110517/26C19_Advance_Bulletin.pdf,https://www.fordtechservice.dealerconnection.com/vdirsnet/applicationservices/file/download/110719/26C19_No_Repair_Owner_letter.pdf,Solution available,https://www.fordtechservice.dealerconnection.com/vdirsnet/applicationservices/file/download/110719/26C19_No_Repair_Owner_letter.pdf,E:\work\leadgeneration\Ford_ai_recalls\downloads\26C19\EN_US\bulletin_26C19_Advance_Bulletin.pdf,E:\work\leadgeneration\Ford_ai_recalls\downloads\26C19\EN_US\lettre_1_26C19_No_Repair_Owner_letter.pdf,E:\work\leadgeneration\Ford_ai_recalls\downloads\26C19\EN_US\lettre_1_26C19_No_Repair_Owner_letter.pdf,1,no,"Parts are not available. Ford is working to provide parts for this repair. When the remedy becomes available, Ford will notify you via mail to schedule a service appointment with your dealer for repairs to be completed free of charge. The remedy is anticipated to be available November 2026.",,,,,,,,
26S29,EN-US,Certain 2024-2026 Model Year Ranger Vehicles -A-Pillar Wiring Inspection and BCM Update,no,26S29B / 26S29SV,"0,3h / 0,2h",https://www.fordtechservice.dealerconnection.com/vdirsnet/applicationservices/file/download/112893/26S29_Full_Dealer_Bulletin.pdf,https://www.fordtechservice.dealerconnection.com/vdirsnet/applicationservices/file/download/113047/26S29_Remedy_Available_No_Parts_Phase_1_Owner_Letter.pdf,Solution available,https://www.fordtechservice.dealerconnection.com/vdirsnet/applicationservices/file/download/111865/26S29_2024_Ranger_No_Repair_Owner_Letter.pdf | https://www.fordtechservice.dealerconnection.com/vdirsnet/applicationservices/file/download/111866/26S29_2025_Ranger_No_Repair_Owner_Letter.pdf | https://www.fordtechservice.dealerconnection.com/vdirsnet/applicationservices/file/download/111867/26S29_2026_Ranger_No_Repair_Owner_Letter.pdf | https://www.fordtechservice.dealerconnection.com/vdirsnet/applicationservices/file/download/113047/26S29_Remedy_Available_No_Parts_Phase_1_Owner_Letter.pdf,E:\work\leadgeneration\Ford_ai_recalls\downloads\26S29\EN_US\bulletin_26S29_Full_Dealer_Bulletin.pdf,E:\work\leadgeneration\Ford_ai_recalls\downloads\26S29\EN_US\lettre_4_26S29_Remedy_Available_No_Parts_Phase_1_Owner_Letter.pdf,E:\work\leadgeneration\Ford_ai_recalls\downloads\26S29\EN_US\lettre_1_26S29_2024_Ranger_No_Repair_Owner_Letter.pdf | E:\work\leadgeneration\Ford_ai_recalls\downloads\26S29\EN_US\lettre_2_26S29_2025_Ranger_No_Repair_Owner_Letter.pdf | E:\work\leadgeneration\Ford_ai_recalls\downloads\26S29\EN_US\lettre_3_26S29_2026_Ranger_No_Repair_Owner_Letter.pdf | E:\work\leadgeneration\Ford_ai_recalls\downloads\26S29\EN_US\lettre_4_26S29_Remedy_Available_No_Parts_Phase_1_Owner_Letter.pdf,4,no,"A remedy is not yet available. Ford is working to provide software for this repair. When the remedy becomes available, Ford will notify you via mail to schedule a service appointment with your dealer for repairs to be completed free of charge. The remedy is anticipated to be available by August 2026.",no,"A remedy is not yet available. Ford is working to provide software for this repair. When the remedy becomes available, Ford will notify you via mail to schedule a service appointment with your dealer for repairs to be completed free of charge. The remedy is anticipated to be available by June 2026.",no,"A remedy is not yet available. Ford is working to provide software for this repair. When the remedy becomes available, Ford will notify you via mail to schedule a service appointment with your dealer for repairs to be completed free of charge. The remedy is anticipated to be available by July 2026.",no,"A remedy is available. Software is available to repair your vehicle. Ford has authorized your dealer to reprogram the Body Control Module (BCM) free of charge. If B14AA is present, parts are currently unavailable. Dealers may offer affected customers a rental vehicle until replacement parts become available. We will send you a second notice by mail as soon as the replacement parts are available. That notice will instruct you to contact an authorized dealer to schedule an appointment to have the repair done free of charge.",,
26S30,EN-US,Certain 2024-2026 Model Year Bronco and Ranger Vehicles -Front Seat Height-Adjust Pivot Bolt and Link Inspection,yes,26S30A / 26S30BB / 26S30MM / 26S30ZZ,"0,9h / 0,9h / 0,5h / 0,2h",https://www.fordtechservice.dealerconnection.com/vdirsnet/applicationservices/file/download/111823/26S30__Full_Dealer_Bulletin.pdf,https://www.fordtechservice.dealerconnection.com/vdirsnet/applicationservices/file/download/112379/26S30_Repair_Available_Owner_Letter.pdf,Solution available,https://www.fordtechservice.dealerconnection.com/vdirsnet/applicationservices/file/download/112379/26S30_Repair_Available_Owner_Letter.pdf,E:\work\leadgeneration\Ford_ai_recalls\downloads\26S30\EN_US\bulletin_26S30__Full_Dealer_Bulletin.pdf,E:\work\leadgeneration\Ford_ai_recalls\downloads\26S30\EN_US\lettre_1_26S30_Repair_Available_Owner_Letter.pdf,E:\work\leadgeneration\Ford_ai_recalls\downloads\26S30\EN_US\lettre_1_26S30_Repair_Available_Owner_Letter.pdf,1,yes,"A remedy is available. Ford has authorized your dealer to inspect both front seat frame height-adjust pivot bolts for proper torque. If found to be loose, your dealer will replace the seat frame height-adjust pivot bolts and links free of charge.",,,,,,,,
24S42,EN-US,Certain 2025 Model Year F-650/750 Medium Duty Truck -Steering Tie-Rod Assembly Inspection,yes,24S42A / 24S42B / 24S42C,"0,3h / 0,9h / 1,6h",https://www.fordtechservice.dealerconnection.com/vdirsnet/applicationservices/file/download/90332/24S42-S1_Full_Dealer_Bulletin.pdf,https://www.fordtechservice.dealerconnection.com/vdirsnet/applicationservices/file/download/90583/24S42-S1__Repair_Avail_Owner_Letter.pdf,Solution available,https://www.fordtechservice.dealerconnection.com/vdirsnet/applicationservices/file/download/88182/24S42_Interim_Owner_Letter.pdf | https://www.fordtechservice.dealerconnection.com/vdirsnet/applicationservices/file/download/90583/24S42-S1__Repair_Avail_Owner_Letter.pdf,E:\work\leadgeneration\Ford_ai_recalls\downloads\24S42\EN_US\bulletin_24S42-S1_Full_Dealer_Bulletin.pdf,E:\work\leadgeneration\Ford_ai_recalls\downloads\24S42\EN_US\lettre_2_24S42-S1__Repair_Avail_Owner_Letter.pdf,E:\work\leadgeneration\Ford_ai_recalls\downloads\24S42\EN_US\lettre_1_24S42_Interim_Owner_Letter.pdf | E:\work\leadgeneration\Ford_ai_recalls\downloads\24S42\EN_US\lettre_2_24S42-S1__Repair_Avail_Owner_Letter.pdf,2,no,Ford has authorized your dealer to perform an inspection of the steering tie-rod assembly and to determine if additional repairs will be necessary free of charge (parts and labour).,yes,Parts are now available to repair your vehicle. Ford has authorized your dealer to inspect the tie-rods and replace the assembly if needed free of charge (parts and labour).,,,,,,
24C34,EN-US,Certain 2025 Model Year Lincoln Aviator and Ford Explorer Vehicles Accessory Protocol Interface Module Software Update - Loss of Rear-View Camera Image,yes,24C34C / MT24C34RR / MT24C34D,"1,6h / jusqu'à 6h / jusqu'à 3h",https://www.fordtechservice.dealerconnection.com/vdirsnet/applicationservices/file/download/94918/24C34_Full_Dealer_Bulletin.pdf,https://www.fordtechservice.dealerconnection.com/vdirsnet/applicationservices/file/download/94920/24C34_Repair_Available_Owner_Letter.pdf,Solution available,https://www.fordtechservice.dealerconnection.com/vdirsnet/applicationservices/file/download/91708/24C34_No_Repair_Owner_letter.pdf | https://www.fordtechservice.dealerconnection.com/vdirsnet/applicationservices/file/download/94920/24C34_Repair_Available_Owner_Letter.pdf,E:\work\leadgeneration\Ford_ai_recalls\downloads\24C34\EN_US\bulletin_24C34_Full_Dealer_Bulletin.pdf,E:\work\leadgeneration\Ford_ai_recalls\downloads\24C34\EN_US\lettre_2_24C34_Repair_Available_Owner_Letter.pdf,E:\work\leadgeneration\Ford_ai_recalls\downloads\24C34\EN_US\lettre_1_24C34_No_Repair_Owner_letter.pdf | E:\work\leadgeneration\Ford_ai_recalls\downloads\24C34\EN_US\lettre_2_24C34_Repair_Available_Owner_Letter.pdf,2,no,"Software is not available. Ford Motor Company is working to provide software for this repair. When the remedy becomes available, Ford will notify you via mail to schedule a service appointment with your dealer for repairs to be completed free of charge. The remedy is anticipated to be available 1st Quarter 2025.",yes,Software is now available to repair your vehicle. Ford has authorized your dealer to update the Accessory Protocol Interface Module (APIM) module software free of charge.,,,,,,
25S03,EN-US,Certain 2025 Model Year Aviator and Explorer Vehicles -Transmission Cross Member Bolt Torque,yes,25S03A / 25S03B / 25S03C,"0,3h / 0,4h / 0,5h",https://www.fordtechservice.dealerconnection.com/vdirsnet/applicationservices/file/download/92978/25S03-S1_Full_Dealer_Bulletin.pdf,https://www.fordtechservice.dealerconnection.com/vdirsnet/applicationservices/file/download/92408/25S03_Owner_Letter.pdf,Solution available,https://www.fordtechservice.dealerconnection.com/vdirsnet/applicationservices/file/download/92408/25S03_Owner_Letter.pdf,E:\work\leadgeneration\Ford_ai_recalls\downloads\25S03\EN_US\bulletin_25S03-S1_Full_Dealer_Bulletin.pdf,E:\work\leadgeneration\Ford_ai_recalls\downloads\25S03\EN_US\lettre_1_25S03_Owner_Letter.pdf,E:\work\leadgeneration\Ford_ai_recalls\downloads\25S03\EN_US\lettre_1_25S03_Owner_Letter.pdf,1,yes,Parts are available to repair your vehicle. Ford has authorized your dealer to inspect and replace the transmission cross-member bolts free of charge (parts and labor) if necessary.,,,,,,,,
25C08,EN-US,Certain 2025 Model Year Escape Vehicles -Rear View Camera Image Inspection,yes,25C08A / 25C08B / 25C08MM,"0,2h / 0,4h / 0,5h",https://www.fordtechservice.dealerconnection.com/vdirsnet/applicationservices/file/download/94668/25C08_Full_Dealer_Bulletin.pdf,https://www.fordtechservice.dealerconnection.com/vdirsnet/applicationservices/file/download/94722/25C08_Repair_Available_Owner_Letter.pdf,Solution available,https://www.fordtechservice.dealerconnection.com/vdirsnet/applicationservices/file/download/94722/25C08_Repair_Available_Owner_Letter.pdf,E:\work\leadgeneration\Ford_ai_recalls\downloads\25C08\EN_US\bulletin_25C08_Full_Dealer_Bulletin.pdf,E:\work\leadgeneration\Ford_ai_recalls\downloads\25C08\EN_US\lettre_1_25C08_Repair_Available_Owner_Letter.pdf,E:\work\leadgeneration\Ford_ai_recalls\downloads\25C08\EN_US\lettre_1_25C08_Repair_Available_Owner_Letter.pdf,1,yes,"Parts are now available to repair your vehicle. Ford has authorized your dealer to inspect and if required, replace your rear view camera free of charge.",,,,,,,,
25S19,EN-US,"Certain 2024-2025 Model Year Bronco ,Aviator, Explorer, F-150, Mustang, and Ranger Vehicles -Transmission Main Control Valve Body Replacement",yes,MT25S19B / MT25S19C / MT25S19D / MT25S19E / MT25S19F / MT25S19G,"2,6h / 2,3h / 2,6h / 4,6h / 3,1h / 2,5h",https://www.fordtechservice.dealerconnection.com/vdirsnet/applicationservices/file/download/95484/25S19__Full_Dealer_Bulletin.pdf,https://www.fordtechservice.dealerconnection.com/vdirsnet/applicationservices/file/download/95412/25S19_F-150_Owner_Letter.pdf,Solution available,https://www.fordtechservice.dealerconnection.com/vdirsnet/applicationservices/file/download/95411/25S19_Owner_Letter.pdf | https://www.fordtechservice.dealerconnection.com/vdirsnet/applicationservices/file/download/95412/25S19_F-150_Owner_Letter.pdf,E:\work\leadgeneration\Ford_ai_recalls\downloads\25S19\EN_US\bulletin_25S19__Full_Dealer_Bulletin.pdf,E:\work\leadgeneration\Ford_ai_recalls\downloads\25S19\EN_US\lettre_2_25S19_F-150_Owner_Letter.pdf,E:\work\leadgeneration\Ford_ai_recalls\downloads\25S19\EN_US\lettre_1_25S19_Owner_Letter.pdf | E:\work\leadgeneration\Ford_ai_recalls\downloads\25S19\EN_US\lettre_2_25S19_F-150_Owner_Letter.pdf,2,yes,Parts are now available to repair your vehicle. Ford has authorized your dealer to replace the main control valve body free of charge.,yes,Parts are now available to repair your vehicle. Ford has authorized your dealer to replace the main control valve body free of charge.,,,,,,
25S20,EN-US,Certain 2025 Model Year Super Duty Vehicles -Steering Column Inspection,yes,25S20A / 25S20B / 25S20MM / 25S20ZZ,"0,3h / 1,6h / 0,5h / 0,2h",https://www.fordtechservice.dealerconnection.com/vdirsnet/applicationservices/file/download/102638/25S20-S3_Full_Dealer_Bulletin.pdf,https://www.fordtechservice.dealerconnection.com/vdirsnet/applicationservices/file/download/102935/25S20_S3-Repair_Available_Owner_Letter.pdf,Solution available,https://www.fordtechservice.dealerconnection.com/vdirsnet/applicationservices/file/download/96034/25S20_Owner_Letter.pdf | https://www.fordtechservice.dealerconnection.com/vdirsnet/applicationservices/file/download/102935/25S20_S3-Repair_Available_Owner_Letter.pdf,E:\work\leadgeneration\Ford_ai_recalls\downloads\25S20\EN_US\bulletin_25S20-S3_Full_Dealer_Bulletin.pdf,E:\work\leadgeneration\Ford_ai_recalls\downloads\25S20\EN_US\lettre_2_25S20_S3-Repair_Available_Owner_Letter.pdf,E:\work\leadgeneration\Ford_ai_recalls\downloads\25S20\EN_US\lettre_1_25S20_Owner_Letter.pdf | E:\work\leadgeneration\Ford_ai_recalls\downloads\25S20\EN_US\lettre_2_25S20_S3-Repair_Available_Owner_Letter.pdf,2,yes,Parts are now available to repair your vehicle. Ford has authorized your dealer to replace the steering column assembly free of charge.,yes,"Parts are now available to repair your vehicle. Ford has authorized your dealer to inspect the steering column and replace the assembly if needed, free of charge.",,,,,,
25S29,EN-US,Certain 2025 Model Year F150 Full Hybrid Electric Vehicles (FHEV) -High Current Fuse Replacement,yes,25S29B,"5,4h",https://www.fordtechservice.dealerconnection.com/vdirsnet/applicationservices/file/download/95363/25S29_Full_Dealer_Bulletin.pdf,https://www.fordtechservice.dealerconnection.com/vdirsnet/applicationservices/file/download/95365/25S29__Owner_Letter.pdf,Solution available,https://www.fordtechservice.dealerconnection.com/vdirsnet/applicationservices/file/download/95365/25S29__Owner_Letter.pdf,E:\work\leadgeneration\Ford_ai_recalls\downloads\25S29\EN_US\bulletin_25S29_Full_Dealer_Bulletin.pdf,E:\work\leadgeneration\Ford_ai_recalls\downloads\25S29\EN_US\lettre_1_25S29__Owner_Letter.pdf,E:\work\leadgeneration\Ford_ai_recalls\downloads\25S29\EN_US\lettre_1_25S29__Owner_Letter.pdf,1,yes,"Parts are available to repair your vehicle. Ford has authorized your dealer to replace the high current fuse, free of charge.",,,,,,,,
25S30,EN-US,"Certain 2024-2025 Model Year F150, Expedition, and Navigator Vehicles -3.5L Engine Cup Plug Inspection",yes,25S30A / 25S30AA / 25S30B / 25S30BB / 25S30C / 25S30CC / 25S30M / 25S30D / 25S30DD / 25S30E / 25S30F / 25S30G / 25S30H / 25S30J / 25S30K / 25S30L / 25S30ZZ,"2,4h / 2,4h / 1,4h / 1,4h / 3,4h / 3,4h / 0,3h / 0,6h / 0,6h / 7,1h / 7,4h / 7,3h / 12,0h / 12,2h / 11,7h / 0,5h / 0,2h",https://www.fordtechservice.dealerconnection.com/vdirsnet/applicationservices/file/download/100247/25S30-S1_Dealer_Bulletin.pdf,https://www.fordtechservice.dealerconnection.com/vdirsnet/applicationservices/file/download/97157/25S30_Owner_Letter.pdf,Solution available,https://www.fordtechservice.dealerconnection.com/vdirsnet/applicationservices/file/download/97157/25S30_Owner_Letter.pdf,E:\work\leadgeneration\Ford_ai_recalls\downloads\25S30\EN_US\bulletin_25S30-S1_Dealer_Bulletin.pdf,E:\work\leadgeneration\Ford_ai_recalls\downloads\25S30\EN_US\lettre_1_25S30_Owner_Letter.pdf,E:\work\leadgeneration\Ford_ai_recalls\downloads\25S30\EN_US\lettre_1_25S30_Owner_Letter.pdf,1,yes,"Parts are available to repair your vehicle. Ford has authorized your dealer to inspect and if necessary, repair your vehicle by installing a cup plug located at the side or rear of the engine free of charge.",,,,,,,,
