recall_number,language,title,statut,codes,heures,bulletin_url,lettre_url,lettre_urls,bulletin_file,lettre_file,lettre_files,parts_available,owner_letter_count,owner_letter_1,owner_letter_1_remedy,owner_letter_2,owner_letter_2_remedy,owner_letter_3,owner_letter_3_remedy,owner_letter_4,owner_letter_4_remedy,owner_letter_5,owner_letter_5_remedy,error,extracted_at
25S88,EN-US,Certain 2025 Model Year F-150 and 2025-2026 Model Year Super Duty Vehicles With a Digital Instrument Panel Cluster (IPC) -Instrument Panel Cluster Software Update,Solution available,,,https://www.fordtechservice.dealerconnection.com/vdirsnet/applicationservices/file/download/104437/25S88-S1_Full_Dealer_Bulletin.pdf,https://www.fordtechservice.dealerconnection.com/vdirsnet/applicationservices/file/download/104468/25S88-S1_Repair_Available_Owner_Letter_OTA.pdf,,,,,,,,,,,,,,,,,,
25S88,FR-CA,Certains véhicules F-150 de l'année-modèle 2025 et Super Duty des années-modèles 2025 et 2026 dotés d'un tableau de bord – Mise à jour logicielle du tableau de bord,Solution disponible,MT25S88C / 25S88D / MT25S88RR / 25S88MM,"jusqu'à 0,8h / 0,3h / jusqu'à 5,0h / 0,5h",https://www.fordtechservice.dealerconnection.com/vdirsnet/applicationservices/file/download/104439/25S88-S1_Full_Dealer_Bulletin_FRC.pdf,https://www.fordtechservice.dealerconnection.com/vdirsnet/applicationservices/file/download/104470/25S88-S1_Repair_Available_Owner_Letter_FRC_OTA.pdf,,,,,,,,,,,,,,,,,,
25SA3,EN-US,Certain 2024-2025 Model Year Ford Explorer and 2024-2026 Model Year Lincoln Aviator Vehicles -Trailer Tow Hitch Bolts - Inspection,Solution available,,,https://www.fordtechservice.dealerconnection.com/vdirsnet/applicationservices/file/download/107481/25SA3-S1_Dlr_Bulletin.pdf,https://www.fordtechservice.dealerconnection.com/vdirsnet/applicationservices/file/download/104975/25SA3_Repair_Available_Owner_Letter.pdf,,,,,,,,,,,,,,,,,,
25SA3,FR-CA,Certains véhicules Ford Explorer des années-modèles 2024 et 2025 et Lincoln Aviator des années-modèles 2024 et 2026 - Boulons d'attelage de remorque - Inspection,Solution disponible,25SA3B / 25SA3A,"0,6h / 0,7h",https://www.fordtechservice.dealerconnection.com/vdirsnet/applicationservices/file/download/107482/25SA3-S1_Dlr_Bulletin_FRC.pdf,https://www.fordtechservice.dealerconnection.com/vdirsnet/applicationservices/file/download/104976/25SA3_French_Repair_Available_Owner_Letter.pdf,,,,,,,,,,,,,,,,,,
25SB4,EN-US,Certain 2026 Model Year Econoline Vehicles -Blower Motor Replacement,Solution available,,,https://www.fordtechservice.dealerconnection.com/vdirsnet/applicationservices/file/download/109528/25SB4-S1_Full_Dealer_Bulletin.pdf,https://www.fordtechservice.dealerconnection.com/vdirsnet/applicationservices/file/download/105553/25SB4_No_Repair_Owner_Letter.pdf,,,,,,,,,,,,,,,,,,
25SB4,FR-CA,Certains véhicules Econoline de l'année-modèle 2026 – Remplacement du moteur de ventilateur,Solution disponible,25SB4A / 25SB4B / 25SB4ZZ,"0,5h / 0,5h / 0,2h",https://www.fordtechservice.dealerconnection.com/vdirsnet/applicationservices/file/download/109530/25SB4-S1_French_Full_Dealer_Bulletin.pdf,https://www.fordtechservice.dealerconnection.com/vdirsnet/applicationservices/file/download/105554/25SB4_French_No_Repair_Owner_Letter.pdf,,,,,,,,,,,,,,,,,,
25SC3,EN-US,Certain 2025-2026 Model Year Bronco and Bronco Sport Vehicles -Instrument Panel Cluster Software Update,Solution available,,,https://www.fordtechservice.dealerconnection.com/vdirsnet/applicationservices/file/download/106163/25SC3__Full_Dealer_Bulletin.pdf,https://www.fordtechservice.dealerconnection.com/vdirsnet/applicationservices/file/download/106310/25SC3_Repair_Available_Owner_Letter.pdf,,,,,,,,,,,,,,,,,,
25SC3,FR-CA,Certains véhicules Bronco et Bronco Sport des années-modèles 2025 et 2026 – Mise à jour logicielle du tableau de bord,Solution disponible,25SC3B / 25SC3C / 25SC3D / 25SC3E / 25SC3F / MT25SC3RR,"0,9h / 0,5h / 0,4h / 0,8h / 0,7h / jusqu'à 5,5h",https://www.fordtechservice.dealerconnection.com/vdirsnet/applicationservices/file/download/106164/25SC3_French__Full_Dealer_Bulletin.pdf,https://www.fordtechservice.dealerconnection.com/vdirsnet/applicationservices/file/download/106311/25SC3_French_Repair_Available_Owner_Letter.pdf,,,,,,,,,,,,,,,,,,
25SD8,EN-US,Certain 2026 Super Duty Vehicles with 10.5” Single Rear Wheel (SRW) Axle -Right Rear Axle Shaft Inspection,Solution available,,,https://www.fordtechservice.dealerconnection.com/vdirsnet/applicationservices/file/download/108854/25SD8-S2_Full_Dealer_Bulletin.pdf,https://www.fordtechservice.dealerconnection.com/vdirsnet/applicationservices/file/download/107864/25SD8_Repair_Available_Owner_Letter.pdf,,,,,,,,,,,,,,,,,,
25SD8,FR-CA,"Certains véhicules Super Duty de l'année-modèle 2026 à roues arrière simples (RARS) de 267 mm (10,5 po) – Inspection du demi-arbre arrière droit",Solution disponible,25SD8B / 25SD8C / 25SD8D / 25SD8ZZ,"0,3h / 0,7h / 1,2h / 0,2h",https://www.fordtechservice.dealerconnection.com/vdirsnet/applicationservices/file/download/108856/25SD8-S2_French_Full_Dealer_Bulletin.pdf,https://www.fordtechservice.dealerconnection.com/vdirsnet/applicationservices/file/download/107865/25SD8_French_Repair_Available_Owner_Letter.pdf,,,,,,,,,,,,,,,,,,
25C68,EN-US,Certain 2025-2026 Model Year Corsair and Escape Vehicles -Left and Right Rear Seatbelt Retractor Bolt Torque Check,Solution available,,,https://www.fordtechservice.dealerconnection.com/vdirsnet/applicationservices/file/download/107078/25C68_Full_Dealer_Bulletin.pdf,https://www.fordtechservice.dealerconnection.com/vdirsnet/applicationservices/file/download/107588/25C68_Repair_Available_Owner_Letter.pdf,,,,,,,,,,,,,,,,,,
25C68,FR-CA,Certains véhicules Corsair et Escape des années-modèles 2025 et 2026 – Vérification du couple des boulons des enrouleurs de ceinture de sécurité arrière gauche et droit,Solution disponible,25C68B / 25C68MM,"0,9h / 0,5h",https://www.fordtechservice.dealerconnection.com/vdirsnet/applicationservices/file/download/107081/25C68_French_Full_Dealer_Bulletin.pdf,https://www.fordtechservice.dealerconnection.com/vdirsnet/applicationservices/file/download/107589/25C68_French_Repair_Available_Owner_Letter.pdf,,,,,,,,,,,,,,,,,,
25C69,EN-US,"Certain 2022-2025 Model Year F-150 Lightning, 2024-2026 Mustang Mach-E, 2025-2026 Maverick Hybrid, 2026 Escape Hybrid, and 2026 Corsair PHEV vehicles. - Integrated Park Module Software Update",Solution available,,,https://www.fordtechservice.dealerconnection.com/vdirsnet/applicationservices/file/download/112382/25C69-S4_Full_Dealer_Bulletin.pdf,https://www.fordtechservice.dealerconnection.com/vdirsnet/applicationservices/file/download/108429/25C69_No_Repair_Owner_letter.pdf,,,,,,,,,,,,,,,,,,
25C69,FR-CA,"Certains véhicules F-150 Lightning des années-modèles 2022 à 2025, Mustang Mach-E des années-modèles 2024 à 2026, Escape hybride année-modèle 2026, Corsair hybride rechargeable année-modèle 2026 et Maverick équipés d'un moteur hybride des années-modèles 2025 et 2026.- Mise à jour logicielle du module de stationnement intégré",Solution disponible,MT25C69B / MT25C69C / MT25C69D / MT25C69RR / 25C69MM,"jusqu'à 0,6h / jusqu'à 0,8h / jusqu'à 0,8h / jusqu'à 7,5h / 0,5h",https://www.fordtechservice.dealerconnection.com/vdirsnet/applicationservices/file/download/112381/25C69-S4_French_Full_Dealer_Bulletin.pdf,https://www.fordtechservice.dealerconnection.com/vdirsnet/applicationservices/file/download/108434/25C69_French__No_Repair_Owner_letter.pdf,,,,,,,,,,,,,,,,,,
26C02,EN-US,Certain 2026 Model Year Explorer Vehicles -Windshield Replacement,Solution available,,,https://www.fordtechservice.dealerconnection.com/vdirsnet/applicationservices/file/download/108051/26C02_Full_Dealer_Bulletin.pdf,https://www.fordtechservice.dealerconnection.com/vdirsnet/applicationservices/file/download/108235/26C02_Repair_Available_Owner_Letter.pdf,,,,,,,,,,,,,,,,,,
26C02,FR-CA,Certains véhicules Explorer de l'année-modèle 2026 – Remplacement du pare-brise,Solution disponible,26C02C / 26C02B,"0,2h / 2,4h",https://www.fordtechservice.dealerconnection.com/vdirsnet/applicationservices/file/download/108053/26C02_French_Full_Dealer_Bulletin.pdf,https://www.fordtechservice.dealerconnection.com/vdirsnet/applicationservices/file/download/108236/26C02_French_Repair_Available_Owner_Letter.pdf,,,,,,,,,,,,,,,,,,
26S05,EN-US,Certain 2026 Model Year E-Transit Vehicles High Voltage Battery (HVB) Bus Bar Fastener Inspection,Solution available,,,https://www.fordtechservice.dealerconnection.com/vdirsnet/applicationservices/file/download/109105/26S05_R_Full_Dealer_Bulletin.pdf,https://www.fordtechservice.dealerconnection.com/vdirsnet/applicationservices/file/download/108569/26S05_Repair_Available_Owner_Letter.pdf,,,,,,,,,,,,,,,,,,
26S05,FR-CA,Certains véhicules E-Transit de l'année-modèle 2026 Inspection des fixations de la barre omnibus de la batterie haute tension (HVB),Solution disponible,26S05A / 26S05B / 26S05C,"5,1h / 5,3h / 5,5h",https://www.fordtechservice.dealerconnection.com/vdirsnet/applicationservices/file/download/109106/26S05_R_French_Full_Dealer_Bulletin.pdf,https://www.fordtechservice.dealerconnection.com/vdirsnet/applicationservices/file/download/108570/26S05_French_Repair_Available_Owner_Letter.pdf,,,,,,,,,,,,,,,,,,
25SC4,EN-US,Certain 2020-2026 Model Year Escape and 2021-2026 Corsair Plug-in Hybrid Electric Vehicles (PHEV) – High Voltage Battery Cell Internal Short Circuit,Solution available,,,https://www.fordtechservice.dealerconnection.com/vdirsnet/applicationservices/file/download/111481/25SC4-A-S2__Advance__Bulletin.pdf,https://www.fordtechservice.dealerconnection.com/vdirsnet/applicationservices/file/download/109230/UPDATED_25SC4-A-S1_No_Repair_Owner_Letter.pdf,,,,,,,,,,,,,,,,,,
25SC4,FR-CA,Certains véhicules électriques hybrides rechargeables Escape des années-modèles 2020 à 2026 et Corsair des années-modèles 2021 à 2026 – court-circuit interne de l'élément de batterie haute tension,Solution disponible,,,https://www.fordtechservice.dealerconnection.com/vdirsnet/applicationservices/file/download/111482/25SC4-A-S2_French_Advance___Bulletin.pdf,https://www.fordtechservice.dealerconnection.com/vdirsnet/applicationservices/file/download/109231/UPDATED_French_25SC4-A-S1_No_Repair_Owner_Letter.pdf,,,,,,,,,,,,,,,,,,
26C10,EN-US,Certain 2021-2027 Model Year Multiple Vehicle Lines Equipped with a Trailer Module (TRM) -Trailer Module Reprogramming,Solution available,,,https://www.fordtechservice.dealerconnection.com/vdirsnet/applicationservices/file/download/110800/26C10-S1__Full_Dealer_Bulletin.pdf,https://www.fordtechservice.dealerconnection.com/vdirsnet/applicationservices/file/download/110721/26C10_OTA_Remedy_Succesful_Owner_R_Letter.pdf,,,,,,,,,,,,,,,,,,
26C10,FR-CA,Certaines gammes de véhicules des années-modèles 2021 à 2027 équipées d'un module de remorque (TRM) – Reprogrammation du module de remorque,Solution disponible,26C10B / 26C10C / MT26C10RR / 26C10MM,"0,3h / 0,3h / jusqu'à 4,5h / 0,5h",https://www.fordtechservice.dealerconnection.com/vdirsnet/applicationservices/file/download/110801/26C10-S1_French_Full_Dealer_Bulletin.pdf,https://www.fordtechservice.dealerconnection.com/vdirsnet/applicationservices/file/download/110725/26C10_French_OTA_Remedy_Succesful_Owner_R_Letter.pdf,,,,,,,,,,,,,,,,,,
26S09,EN-US,Certain 2021-2024 Model Year Edge and 2021-2026 Bronco Vehicles -Infotainment Screen Blank,Solution available,,,https://www.fordtechservice.dealerconnection.com/vdirsnet/applicationservices/file/download/112749/26S09-S2__Full_Dealer_Bulletin.pdf,https://www.fordtechservice.dealerconnection.com/vdirsnet/applicationservices/file/download/110601/26S09_No_Repair_Owner_Letter.pdf,,,,,,,,,,,,,,,,,,
26S09,FR-CA,Certains véhicules Edge des années-modèles 2021 à 2024 et certains véhicules Bronco des années-modèles 2021 à 2026 – Écran d'infodivertissement vide,Solution disponible,26S09B / 26S09C / MT26S09D / 26S09MM,"0,9h / 0,3h / jusqu'à 6,5h / 0,5h",https://www.fordtechservice.dealerconnection.com/vdirsnet/applicationservices/file/download/112750/26S09-S2__French_Full_Dealer_Bulletin.pdf,https://www.fordtechservice.dealerconnection.com/vdirsnet/applicationservices/file/download/110605/26S09_French_No_Repair_Owner_Letter.pdf,,,,,,,,,,,,,,,,,,
26S12,EN-US,Certain 2026-2027 Model Year Econoline Vehicles Equipped with Exterior Sounder (Backup Alarm) -Hardshell Connector Replacement,Solution available,,,https://www.fordtechservice.dealerconnection.com/vdirsnet/applicationservices/file/download/109621/26S12_Full_Dealer_Bulletin.pdf,https://www.fordtechservice.dealerconnection.com/vdirsnet/applicationservices/file/download/109780/26S12_Repair_Available_Owner_Letter.pdf,,,,,,,,,,,,,,,,,,
26S12,FR-CA,Certains véhicules Econoline des années-modèles 2026 et 2027 équipés d'un résonateur extérieur (alarme de recul) - Remplacement du connecteur à boîtier rigide,Solution disponible,26S12,"0,4h",https://www.fordtechservice.dealerconnection.com/vdirsnet/applicationservices/file/download/109623/26S12_French_Full_Dealer_Bulletin.pdf,https://www.fordtechservice.dealerconnection.com/vdirsnet/applicationservices/file/download/109781/26S12_French_Repair_Available_Owner_Letter.pdf,,,,,,,,,,,,,,,,,,
26S13,EN-US,Certain 2025-2026 Model Year F-250 - F-350 Vehicles Equipped with Aluminum Rear Driveshaft - Rear Driveshaft Inspection,Solution available,,,https://www.fordtechservice.dealerconnection.com/vdirsnet/applicationservices/file/download/110420/26S13_Full_Dealer_Bulletin.pdf,https://www.fordtechservice.dealerconnection.com/vdirsnet/applicationservices/file/download/109735/26S13_No_Repair_Owner_Letter.pdf,,,,,,,,,,,,,,,,,,
26S13,FR-CA,Certains véhicules F-250 et F-350 des années-modèles 2025 et 2026 équipés d'un arbre de transmission arrière en aluminium – Inspection de l'arbre de transmission arrière,Solution disponible,26S13A / 26S13B / 26S13ZZ,"0,3h / 0,5h / 0,2h",https://www.fordtechservice.dealerconnection.com/vdirsnet/applicationservices/file/download/110423/26S13_French_Full_Dealer_Bulletin.pdf,https://www.fordtechservice.dealerconnection.com/vdirsnet/applicationservices/file/download/109736/26S13_French_No_Repair_Owner_Letter.pdf,,,,,,,,,,,,,,,,,,
26C12,EN-US,Certain 2025-2026 Model Year Explorer Platinum Vehicles -Adaptive Front Lighting Update,Solution available,,,https://www.fordtechservice.dealerconnection.com/vdirsnet/applicationservices/file/download/109782/26C12_Full_Dealer_Bulletin.pdf,https://www.fordtechservice.dealerconnection.com/vdirsnet/applicationservices/file/download/109932/26C12_Repair_Available_Owner_Letter.pdf,,,,,,,,,,,,,,,,,,
26C12,FR-CA,Certains véhicules Explorer Platinum des années-modèles 2025 et 2026 - Correction de l'éclairage avant adaptatif,Solution disponible,26C12B / MT26C12RR / 26C12MM,"0,3h / jusqu'à 4,5h / 0,5h",https://www.fordtechservice.dealerconnection.com/vdirsnet/applicationservices/file/download/109785/26C12_French_Full_Dealer_Bulletin.pdf,https://www.fordtechservice.dealerconnection.com/vdirsnet/applicationservices/file/download/109933/26C12_French_Repair_Available_Owner_Letter.pdf,,,,,,,,,,,,,,,,,,
26C18,EN-US,"Certain 2020-2026 Model Year Aviator, Explorer, and Police Interceptor Utility Vehicles -Second Row Left-Hand and Right-Hand Seat Belt Retractor Floor Bolt Inspection",Solution available,,,https://www.fordtechservice.dealerconnection.com/vdirsnet/applicationservices/file/download/110432/26C18_R_Full_Dealer_Bulletin.pdf,https://www.fordtechservice.dealerconnection.com/vdirsnet/applicationservices/file/download/110204/26C18_Repair_Available_Owner_Letter.pdf,,,,,,,,,,,,,,,,,,
26C18,FR-CA,"Certains véhicules Aviator, Explorer et utilitaires Police Interceptor des années-modèles 2020 à 2026 – Inspection des boulons au plancher des enrouleurs de ceinture de sécurité du côté gauche et du côté droit des sièges de deuxième rangée",Solution disponible,26C18A / 26C18B / 26C18MM,"0,3h / 0,3h / 0,5h",https://www.fordtechservice.dealerconnection.com/vdirsnet/applicationservices/file/download/110433/26C18_French_R_Full_Dealer_Bulletin.pdf,https://www.fordtechservice.dealerconnection.com/vdirsnet/applicationservices/file/download/110205/26C18_French_Repair_Available_Owner_Letter.pdf,,,,,,,,,,,,,,,,,,
26S22,EN-US,Certain 2026 Model Year Explorer and Aviator Vehicles -Instrument Panel Fastener Inspection and Repair,Solution available,,,https://www.fordtechservice.dealerconnection.com/vdirsnet/applicationservices/file/download/110710/26S22_Full_Dealer_Bulletin.pdf,https://www.fordtechservice.dealerconnection.com/vdirsnet/applicationservices/file/download/110849/26S22_Repair_Available_Owner_Letter.pdf,,,,,,,,,,,,,,,,,,
26S22,FR-CA,Certains véhicules Explorer et Aviator de l'année-modèle 2026 – Inspection et réparation des fixations de la planche de bord,Solution disponible,MT26S22B / MT26S22C,"2,0h / 2,0h",https://www.fordtechservice.dealerconnection.com/vdirsnet/applicationservices/file/download/110712/26S22_French_Full_Dealer_Bulletin.pdf,https://www.fordtechservice.dealerconnection.com/vdirsnet/applicationservices/file/download/110850/26S22_French_Repair_Available_Owner_Letter.pdf,,,,,,,,,,,,,,,,,,
26S23,EN-US,Certain 2026 Model Year Explorer and Mustang Vehicles with a 2.3L EcoBoost Engine -Cylinder Inspection,Solution available,,,https://www.fordtechservice.dealerconnection.com/vdirsnet/applicationservices/file/download/110615/26S23_Full_Dealer_Bulletin.pdf,https://www.fordtechservice.dealerconnection.com/vdirsnet/applicationservices/file/download/111439/26S23_Repair_Available_Owner_Letter.pdf,,,,,,,,,,,,,,,,,,
26S23,FR-CA,Certains véhicules Explorer et Mustang de l'année-modèle 2026 équipés d'un moteur EcoBoost de 2.3L – Inspection des cylindres,Solution disponible,26S23A / MT26S23AA / 26S23C / MT26S23CC / 26S23E / 26S23ZZ,"1,7h / 1,7h / 0,6h / 0,6h / 0,2h / 0,2h",https://www.fordtechservice.dealerconnection.com/vdirsnet/applicationservices/file/download/110617/26S23_French_Full_Dealer_Bulletin.pdf,https://www.fordtechservice.dealerconnection.com/vdirsnet/applicationservices/file/download/111440/26S23_French_Repair_Available_Owner_Letter.pdf,,,,,,,,,,,,,,,,,,
26C19,EN-US,Certain 2025-2026 Model Year Maverick and Bronco Sport Vehicles -Occupant Classification Sensor Replacement,Solution available,,,https://www.fordtechservice.dealerconnection.com/vdirsnet/applicationservices/file/download/110517/26C19_Advance_Bulletin.pdf,https://www.fordtechservice.dealerconnection.com/vdirsnet/applicationservices/file/download/110719/26C19_No_Repair_Owner_letter.pdf,,,,,,,,,,,,,,,,,,
26C19,FR-CA,Certains véhicules Maverick et Bronco Sport des années-modèles 2025 et 2026 – Remplacement du capteur de classification de l'occupant,Solution disponible,,,https://www.fordtechservice.dealerconnection.com/vdirsnet/applicationservices/file/download/110518/26C19_French_Advance_Bulletin.pdf,https://www.fordtechservice.dealerconnection.com/vdirsnet/applicationservices/file/download/110718/26C19_French_No_Repair_Owner_letter.pdf,,,,,,,,,,,,,,,,,,
26S29,EN-US,Certain 2024-2026 Model Year Ranger Vehicles -A-Pillar Wiring Inspection and BCM Update,Solution available,,,https://www.fordtechservice.dealerconnection.com/vdirsnet/applicationservices/file/download/112893/26S29_Full_Dealer_Bulletin.pdf,https://www.fordtechservice.dealerconnection.com/vdirsnet/applicationservices/file/download/111865/26S29_2024_Ranger_No_Repair_Owner_Letter.pdf,,,,,,,,,,,,,,,,,,
26S29,FR-CA,Certains véhicules Ranger des années-modèles 2024 à 2026 Inspection du câblage du pied avant et mise à jour du module BCM,Solution disponible,26S29B / 26S29SV / 26S29C / MT26S29RR / 26S29MM,"0,3h / 0,2h / 0,3h / jusqu'à 4,5h / 0,5h",https://www.fordtechservice.dealerconnection.com/vdirsnet/applicationservices/file/download/112895/26S29_French_Full_Dealer_Bulletin.pdf,https://www.fordtechservice.dealerconnection.com/vdirsnet/applicationservices/file/download/111869/26S29_French_2024_Ranger_No_Repair_Owner_Letter.pdf,,,,,,,,,,,,,,,,,,
26S30,EN-US,Certain 2024-2026 Model Year Bronco and Ranger Vehicles -Front Seat Height-Adjust Pivot Bolt and Link Inspection,Solution available,,,https://www.fordtechservice.dealerconnection.com/vdirsnet/applicationservices/file/download/111823/26S30__Full_Dealer_Bulletin.pdf,https://www.fordtechservice.dealerconnection.com/vdirsnet/applicationservices/file/download/112379/26S30_Repair_Available_Owner_Letter.pdf,,,,,,,,,,,,,,,,,,
26S30,FR-CA,Certains véhicules Bronco et Ranger des années-modèles 2024 à 2026 – Inspection des boulons de pivot et des éléments d'articulation de réglage en hauteur des sièges avant,Solution disponible,26S30A / 26S30ZZ / 26S30MM,"0,9h / 0,9h / 0,5h",https://www.fordtechservice.dealerconnection.com/vdirsnet/applicationservices/file/download/111824/26S30__French_Full_Dealer_Bulletin.pdf,https://www.fordtechservice.dealerconnection.com/vdirsnet/applicationservices/file/download/112380/26S30_French_Repair_Available_Owner_Letter.pdf,,,,,,,,,,,,,,,,,,
24S42,EN-US,Certain 2025 Model Year F-650/750 Medium Duty Truck -Steering Tie-Rod Assembly Inspection,Solution available,,,https://www.fordtechservice.dealerconnection.com/vdirsnet/applicationservices/file/download/90332/24S42-S1_Full_Dealer_Bulletin.pdf,https://www.fordtechservice.dealerconnection.com/vdirsnet/applicationservices/file/download/88182/24S42_Interim_Owner_Letter.pdf,,,,,,,,,,,,,,,,,,
24S42,FR-CA,Certains camions poids moyen F-650 et F-750 de l'année-modèle 2025 – 'inspection de l'ensemble de biellette de direction,Solution disponible,24S42A / 24S42B / 24S42C,"0,3h / 0,9h / 1,6h",https://www.fordtechservice.dealerconnection.com/vdirsnet/applicationservices/file/download/90335/24S42-S1_Full_Dealer_Bulletin_FRC.pdf,https://www.fordtechservice.dealerconnection.com/vdirsnet/applicationservices/file/download/88183/24S42_French_Interim_Owner_Letter.pdf,,,,,,,,,,,,,,,,,,
24C34,EN-US,Certain 2025 Model Year Lincoln Aviator and Ford Explorer Vehicles Accessory Protocol Interface Module Software Update - Loss of Rear-View Camera Image,Solution available,,,https://www.fordtechservice.dealerconnection.com/vdirsnet/applicationservices/file/download/94918/24C34_Full_Dealer_Bulletin.pdf,https://www.fordtechservice.dealerconnection.com/vdirsnet/applicationservices/file/download/91708/24C34_No_Repair_Owner_letter.pdf,,,,,,,,,,,,,,,,,,
24C34,FR-CA,Certains véhicules Lincoln Aviator et Ford Explorer de l'année-modèle 2025 Mise à jour du logiciel du module d'interface du protocole des accessoires – Perte de l'image de la caméra de recul,Solution disponible,24C34C,"1,6h",https://www.fordtechservice.dealerconnection.com/vdirsnet/applicationservices/file/download/94921/24C34_French_Full_Dealer_Bulletin.pdf,https://www.fordtechservice.dealerconnection.com/vdirsnet/applicationservices/file/download/91709/24C34_French_No_Repair_Owner_letter.pdf,,,,,,,,,,,,,,,,,,
25S03,EN-US,Certain 2025 Model Year Aviator and Explorer Vehicles -Transmission Cross Member Bolt Torque,Solution available,,,https://www.fordtechservice.dealerconnection.com/vdirsnet/applicationservices/file/download/92978/25S03-S1_Full_Dealer_Bulletin.pdf,https://www.fordtechservice.dealerconnection.com/vdirsnet/applicationservices/file/download/92408/25S03_Owner_Letter.pdf,,,,,,,,,,,,,,,,,,
25S03,FR-CA,Certain 2025 Model Year Aviator and Explorer Vehicles -Transmission Cross Member Bolt Torque,Solution disponible,25S03A / 25S03B / 25S03C,"0,3h / 0,4h / 0,5h",https://www.fordtechservice.dealerconnection.com/vdirsnet/applicationservices/file/download/92980/25S03-S1_French_Full_Dealer_Bulletin.pdf,https://www.fordtechservice.dealerconnection.com/vdirsnet/applicationservices/file/download/92409/25S03_French_Owner_Letter.pdf,,,,,,,,,,,,,,,,,,
25C08,EN-US,Certain 2025 Model Year Escape Vehicles -Rear View Camera Image Inspection,Solution available,,,https://www.fordtechservice.dealerconnection.com/vdirsnet/applicationservices/file/download/94668/25C08_Full_Dealer_Bulletin.pdf,https://www.fordtechservice.dealerconnection.com/vdirsnet/applicationservices/file/download/94722/25C08_Repair_Available_Owner_Letter.pdf,,,,,,,,,,,,,,,,,,
25C08,FR-CA,Certains véhicules Escape de l'année-modèle 2025 – Inspection de l'image de la caméra de recul,Solution disponible,25C08 / 25C08B / 25C08MM,"0,2h / 0,4h / 0,5h",https://www.fordtechservice.dealerconnection.com/vdirsnet/applicationservices/file/download/94672/25C08_French_Full_Dealer_Bulletin.pdf,https://www.fordtechservice.dealerconnection.com/vdirsnet/applicationservices/file/download/94723/25C08_French_Repair_Available_Owner_Letter.pdf,,,,,,,,,,,,,,,,,,
25S19,EN-US,"Certain 2024-2025 Model Year Bronco ,Aviator, Explorer, F-150, Mustang, and Ranger Vehicles -Transmission Main Control Valve Body Replacement",Solution available,,,https://www.fordtechservice.dealerconnection.com/vdirsnet/applicationservices/file/download/95484/25S19__Full_Dealer_Bulletin.pdf,https://www.fordtechservice.dealerconnection.com/vdirsnet/applicationservices/file/download/95411/25S19_Owner_Letter.pdf,,,,,,,,,,,,,,,,,,
25S19,FR-CA,"Certains véhicules Bronco, Aviator, Explorer, F-150, Mustang et Ranger des années-modèles 2024 et 2025 – Remplacement du bloc de commande hydraulique de la boîte de vitesses",Solution disponible,MT25S19B / MT25S19C / MT25S19D / MT25S19E / MT25S19F / MT25S19G,"jusqu'à 2,6h / jusqu'à 2,3h / jusqu'à 2,6h / jusqu'à 4,6h / jusqu'à 3,1h / jusqu'à 2,5h",https://www.fordtechservice.dealerconnection.com/vdirsnet/applicationservices/file/download/95413/25S19_French_Full_Dealer_Bulletin.pdf,https://www.fordtechservice.dealerconnection.com/vdirsnet/applicationservices/file/download/95415/25S19_French_Owner_Letter.pdf,,,,,,,,,,,,,,,,,,
25S20,EN-US,Certain 2025 Model Year Super Duty Vehicles -Steering Column Inspection,Solution available,,,https://www.fordtechservice.dealerconnection.com/vdirsnet/applicationservices/file/download/102638/25S20-S3_Full_Dealer_Bulletin.pdf,https://www.fordtechservice.dealerconnection.com/vdirsnet/applicationservices/file/download/96034/25S20_Owner_Letter.pdf,,,,,,,,,,,,,,,,,,
25S20,FR-CA,Certains véhicules Super Duty de l'année-modèle 2025 – Inspection de la colonne de direction,Solution disponible,25S20A / 25S20MM / 25S20ZZ,"0,3h / 0,5h / 0,2h",https://www.fordtechservice.dealerconnection.com/vdirsnet/applicationservices/file/download/102641/25S20-S3_French_Full_Dealer_Bulletin.pdf,https://www.fordtechservice.dealerconnection.com/vdirsnet/applicationservices/file/download/96037/25S20__French__Owner_Letter.pdf,,,,,,,,,,,,,,,,,,
25S29,EN-US,Certain 2025 Model Year F150 Full Hybrid Electric Vehicles (FHEV) -High Current Fuse Replacement,Solution available,,,https://www.fordtechservice.dealerconnection.com/vdirsnet/applicationservices/file/download/95363/25S29_Full_Dealer_Bulletin.pdf,https://www.fordtechservice.dealerconnection.com/vdirsnet/applicationservices/file/download/95365/25S29__Owner_Letter.pdf,,,,,,,,,,,,,,,,,,
25S29,FR-CA,Certains véhicules F-150 électriques entièrement hybrides (FHEV) de l'année-modèle 2025 – Remplacement du fusible à courant élevé,Solution disponible,25S29B,"5,4h",https://www.fordtechservice.dealerconnection.com/vdirsnet/applicationservices/file/download/95366/25S29_French_Full_Dealer_Bulletin.pdf,https://www.fordtechservice.dealerconnection.com/vdirsnet/applicationservices/file/download/95368/25S29_French_Owner_Letter.pdf,,,,,,,,,,,,,,,,,,
25S30,EN-US,"Certain 2024-2025 Model Year F150, Expedition, and Navigator Vehicles -3.5L Engine Cup Plug Inspection",Solution available,,,https://www.fordtechservice.dealerconnection.com/vdirsnet/applicationservices/file/download/100247/25S30-S1_Dealer_Bulletin.pdf,https://www.fordtechservice.dealerconnection.com/vdirsnet/applicationservices/file/download/97157/25S30_Owner_Letter.pdf,,,,,,,,,,,,,,,,,,
25S30,FR-CA,"Certains véhicules F-150, Expedition et Navigator des années-modèles 2024 et 2025 – Inspection de la cuvette d'obturation du moteur de 3.5L",Solution disponible,25S30 / 24S70 / 25S30M / 25S30H / 25S30ZZ,"2,4h / 2,4h / 0,3h / 0,5h / 0,2h",https://www.fordtechservice.dealerconnection.com/vdirsnet/applicationservices/file/download/100250/25S30-S1_French_Dealer_Bulletin.pdf,https://www.fordtechservice.dealerconnection.com/vdirsnet/applicationservices/file/download/97158/25S30_French_Owner_Letter.pdf,,,,,,,,,,,,,,,,,,
25S52,EN-US,"Certain 2023-2025 Model Year Escape and Corsair, 2024-2025 Model Year Nautilus, 2025-2026 Model Year Bronco Sport and 2025 Model Year Maverick Vehicles Equipped with an Engine Block Heater System -Block Heater Replacement",Solution available,,,https://www.fordtechservice.dealerconnection.com/vdirsnet/applicationservices/file/download/112887/25S52-S2_Dealer_Bulletin.pdf,https://www.fordtechservice.dealerconnection.com/vdirsnet/applicationservices/file/download/97869/25S52_No_Parts_Owner_Letter.pdf,,,,,,,,,,,,,,,,,,
